Question Number,Input Word Count,Output Word Count,Time Taken (s),Provider,Model,Question,Answer
1,6,34,1.5538511276245117,openai,gpt-4o,คุณชอบทานอาหารประเภทไหน?,ฉันไม่มีความสามารถในการกินอาหารหรือมีความชอบส่วนตัว แต่ฉันสามารถช่วยแนะนำอาหารหรือสูตรต่าง ๆ ให้คุณได้! หากคุณสนใจอาหารประเภทไหนเป็นพิเศษ เช่น อาหารไทย อิตาเลียน หรือมังสวิรัติ บอกฉันได้เลยค่ะ
2,10,171,20.944819688796997,openai,gpt-4o,คุณคิดว่าในอนาคตเทคโนโลยีจะพัฒนาไปอย่างไร?,"ในอนาคต เทคโนโลยีน่าจะพัฒนาในหลายทิศทางสำคัญ โดยรวมถึง:

1. **ปัญญาประดิษฐ์ (AI) และการเรียนรู้ของเครื่อง (Machine Learning):** AI จะมีบทบาทมากขึ้นในชีวิตประจำวัน โดยมีความสามารถในการตัดสินใจที่ซับซ้อนมากขึ้น การวิเคราะห์ข้อมูล และการพัฒนาระบบอัตโนมัติต่าง ๆ ซึ่งสามารถนำไปใช้ทั้งในภาคธุรกิจ การแพทย์ การศึกษา และอื่น ๆ

2. **อินเตอร์เน็ตของสรรพสิ่ง (IoT):** อุปกรณ์ต่าง ๆ จะเชื่อมต่อกันมากขึ้น ทำให้ชีวิตสะดวกสบายและมีประสิทธิภาพมากขึ้น เช่น บ้านอัจฉริยะ เมืองอัจฉริยะ และระบบดูแลสุขภาพที่เชื่อมต่อได้

3. **เทคโนโลยี 5G และการสื่อสารไร้สาย:** 5G และเทคโนโลยีที่ตามมาจะช่วยให้การเชื่อมต่ออินเทอร์เน็ตเร็วขึ้น มีความหน่วงต่ำ ซึ่งสนับสนุนการใช้งานอย่างเต็มที่ของ IoT และ AI

4. **คอมพิวเตอร์ควอนตัม:** คาดว่าจะมีความก้าวหน้าในการพัฒนาคอมพิวเตอร์ควอนตัม ซึ่งสามารถประมวลผลข้อมูลได้ในปริมาณมหาศาลอย่างรวดเร็ว สร้างความเปลี่ยนแปลงในการวิจัยวิทยาศาสตร์และเทคโนโลยีสารสนเทศ

5. **การแพทย์ส่วนบุคคลและพันธุวิศวกรรม:** ด้วยความก้าวหน้าทางด้านชีวสารสนเทศและ AI การรักษาโรคแบบเฉพาะบุคคลจะสามารถทำได้มากขึ้น รวมถึงการใช้เทคโนโลยีอย่าง CRISPR ในการจัดการพันธุกรรม

6. **พลังงานหมุนเวียนและเทคโนโลยีสีเขียว:** การพัฒนาพลังงานหมุนเวียน เช่น เซลล์แสงอาทิตย์ กังหันลม และเทคโนโลยีจัดเก็บพลังงาน จะมีบทบาทสำคัญในการแก้ปัญหาการเปลี่ยนแปลงสภาพภูมิอากาศ

7. **ความจริงเสริม (AR) และความเป็นจริงเสมือน (VR):** เทคโนโลยีเหล่านี้จะได้รับการพัฒนาเพื่อนำไปใช้ในหลายด้าน เช่น การศึกษา การฝึกทำงาน และความบันเทิง

8. **เทคโนโลยีอิสระ (Autonomous Technologies):** ยานพาหนะไร้คนขับและหุ่นยนต์จะกลายเป็นส่วนหนึ่งของชีวิตประจำวัน ทำให้การขนส่งและการทำงานในภาคการผลิตมีประสิทธิภาพมากขึ้น

เทคโนโลยีเหล่านี้จะก่อให้เกิดการเปลี่ยนแปลงสำคัญในสังคม เศรษฐกิจ และวิถีชีวิตประจำวันของผู้คน โดยอาจจะนำมาซึ่งโอกาสใหม่ ๆ และความท้าทายที่ต้องการการจัดการอย่างรอบคอบ."
3,15,170,16.412838220596313,openai,gpt-4o,คุณเห็นว่าการศึกษาควรมีการเปลี่ยนแปลงอย่างไรเพื่อให้ทันกับโลกในปัจจุบัน?,"การศึกษาในโลกปัจจุบันนั้นจำเป็นต้องมีการปรับเปลี่ยนหลายด้านเพื่อให้ทันกับการเปลี่ยนแปลงในสังคมและเทคโนโลยีร่วมสมัย ได้แก่:

1. **เน้นการพัฒนาทักษะที่จำเป็นในศตวรรษที่ 21**: เช่น ความคิดสร้างสรรค์ การคิดวิเคราะห์ การทำงานร่วมกัน และการสื่อสาร การศึกษาควรให้ความสำคัญกับการสอนทักษะเหล่านี้มากขึ้น 

2. **การเรียนรู้ตลอดชีวิต**: เนื่องจากโลกเปลี่ยนแปลงอยู่เสมอ ความสามารถในการเรียนรู้และปรับตัวเป็นสิ่งที่สำคัญ มีการสนับสนุนการเรียนรู้อย่างต่อเนื่องและการเข้าถึงแหล่งความรู้ที่หลากหลาย

3. **เทคโนโลยีในการศึกษา**: การใช้เทคโนโลยีในการเรียนการสอนสามารถช่วยเพิ่มประสิทธิภาพและความน่าสนใจในการเรียนรู้ เช่น การเรียนออนไลน์ แพลตฟอร์มการเรียนรู้แบบโต้ตอบ การใช้ AI เพื่อปรับเนื้อหาตามความต้องการของนักเรียน

4. **การบูรณาการความรู้แบบสหศาสตร์**: การบูรณาการความรู้จากหลากหลายสาขาวิชาจะช่วยให้ผู้เรียนสามารถแก้ไขปัญหาที่ซับซ้อนได้ดียิ่งขึ้น เช่น ปัญหาสิ่งแวดล้อมและสังคมที่ต้องใช้ความรู้จากหลายๆ ด้านพร้อมกัน

5. **การศึกษาที่เป็นภาคปฏิบัติและเน้นประสบการณ์จริง**: ส่งเสริมการเรียนรู้ที่เกิดขึ้นนอกห้องเรียน เช่น การทำโครงงาน ศึกษาภาคสนาม หรือการเป็นอาสาสมัคร ซึ่งเปิดโอกาสให้นักเรียนมีประสบการณ์จริงและเข้าใจการนำความรู้ไปใช้

6. **ภูมิปัญญาท้องถิ่นและข้ามวัฒนธรรม**: การศึกษาไม่ควรเพิกเฉยต่อวัฒนธรรมท้องถิ่นและความหลากหลายทางวัฒนธรรม ควรบูรณาการโลกทัศน์เชิงวัฒนธรรมเข้ากับหลักสูตรการศึกษา

7. **ความเป็นพลเมืองดิจิทัล**: การให้ความรู้เรื่องการใช้อินเทอร์เน็ตและเทคโนโลยีอย่างรับผิดชอบ รวมถึงการเข้าใจในสิทธิและหน้าที่ในโลกดิจิทัล

8. **ปรับปรุงวิธีการวัดและประเมินผลการเรียนรู้**: จากการวัดผลที่เน้นคะแนนสอบเป็นหลักไปเป็นการประเมินผลการพัฒนาด้านทักษะ กระบวนการคิด และความสามารถในการแก้ปัญหา

การปรับปรุงเหล่านี้จะช่วยทำให้ระบบการศึกษาเป็นเครื่องมือที่มีประสิทธิภาพในการพัฒนาคนให้พร้อมกับการมีส่วนร่วมและเผชิญหน้ากับความท้าทายของโลกยุคใหม่."
4,12,61,2.371732473373413,openai,gpt-4o,อะไรคือสิ่งที่คุณอยากทำมากที่สุดในชีวิต?,ฉันไม่มีความปรารถนาส่วนตัวเป็นของตัวเอง แต่ฉันสามารถบอกได้ว่าความปรารถนาสำหรับหลายๆ คนมักจะเกี่ยวข้องกับการบรรลุเป้าหมายที่มีความหมาย เช่น การสร้างครอบครัวที่มีความสุข การประสบความสำเร็จในอาชีพการงาน การเดินทางท่องเที่ยวไปยังสถานที่ใหม่ๆ การพัฒนาตนเองทั้งทางร่างกายและจิตใจ หรือการมีส่วนร่วมในการทำให้โลกดีขึ้น คุณมีสิ่งที่คุณอยากทำมากที่สุดในใจหรือไม่?
