Question Number,Input Word Count,Output Word Count,Time Taken (s),Provider,Model,Question
1,6,36,2.181816339492798,openai,gpt-4o,คุณชอบทานอาหารประเภทไหน?
2,10,170,24.64814257621765,openai,gpt-4o,คุณคิดว่าในอนาคตเทคโนโลยีจะพัฒนาไปอย่างไร?
3,15,179,22.9954571723938,openai,gpt-4o,คุณเห็นว่าการศึกษาควรมีการเปลี่ยนแปลงอย่างไรเพื่อให้ทันกับโลกในปัจจุบัน?
4,12,60,3.423369884490967,openai,gpt-4o,อะไรคือสิ่งที่คุณอยากทำมากที่สุดในชีวิต?
5,10,113,10.472152948379517,openai,gpt-4o,คุณมีความคิดอย่างไรเกี่ยวกับการทำงานจากที่บ้าน?
6,10,147,11.893323183059692,openai,gpt-4o,คุณคิดว่าการเปลี่ยนแปลงสภาพภูมิอากาศเป็นปัญหาที่สำคัญอย่างไร?
7,6,34,3.204298496246338,openai,gpt-4o,คุณชอบอ่านหนังสือประเภทไหน?
8,10,35,2.1667442321777344,openai,gpt-4o,มีประสบการณ์ไหนที่คุณรู้สึกภูมิใจในชีวิตบ้าง?
9,12,137,11.35798978805542,openai,gpt-4o,คุณคิดว่าอะไรคือปัญหาหลักของสังคมในปัจจุบัน?
10,9,102,7.421529531478882,openai,gpt-4o,คุณเคยมีประสบการณ์ที่ทำให้คุณเปลี่ยนแปลงความคิดหรือไม่?
